name,website
42 Solutions,https://www.42solutions.nl
A S,https://www.shgroup.dk
AK Alrosa,https://eng.alrosa.ru
AL Masane AL Kobra Mining,https://amak.com.sa
AMD,http://www.amd.com
AMG Critical Materials,https://amg-nv.com
APL Apollo Tubes,https://aplapollo.com
ARX Robotics,https://www.arx-robotics.com
ASE Technology,https://ase.aseglobal.com/
ASM,https://www.asm.com
ASML,https://www.asml.com/
AVICOPTER PLC,http://avicopter.avic.com
Aaronia,https://www.aaronia.de
Abeking Rasmussen Schiffs Und Yachtwerft,https://www.abeking.com
Abrasilver Resource,https://www.abrasilver.com
Accenture Class A,https://www.accenture.com
Acerinox SA,http://www.acerinox.com
Additess Advanced Integrated Technology Solutions Services,https://www.additess.com
Aditerna,https://www.aditerna.de
Adobe,https://www.adobe.com
Advanced Micro Devices,https://www.amd.com
Advantest,https://www.advantest.com/
Advokaadiburoo Sorainen Ou,https://www.sorainen.com/
Adyta Lda,https://www.adyta.pt
Aeoliki,https://www.aeoliki.com
Aernnova Engineering Division Sau,https://www.aernnova.com
AeroVironment,https://www.avinc.com
Aerospace Advanced Composites,https://www.aac-research.at
Aerospace Propulsion Products (A P P ),https://www.appbv.nl
Aertec Solutions Sl,https://www.aertecsolutions.com
Aes Aerospace Embedded Solutions,https://www.aes.de
African Rainbow Mineral,http://www.arm.co.za/
Agnico-Eagle Mines Limited,http://agnicoeagle.com
Agrenvec,https://www.agrenvec.es
Aichi Steel,https://www.aichi-steel.co.jp/
Aim Infrarot Module,https://www.aim-ir.com
Airbus,https://www.airbus.com
Airbus Atlantic,https://www.airbus.com/fr/airbus-atlantic
Airbus Cybersecurity,https://www.cyber.airbus.com/
Airbus Defence And Space,https://www.airbus-group.com
Airbus Defence And Space,https://www.airbus.com
Airbus Defence And Space,https://www.airbusdefenceandspace.com
Airbus Defence And Space,https://www.securelandcommunications.com/
Airbus Helicopters,https://www.airbushelicopters.com
Airbus Helicopters Deutschland,https://www.airbus.com
Airbus Helicopters Espana,https://www.eurocopter.com
Airbus Italia,https://www.airbus.com
Airbus Operations,https://www.airbus.com
Airbus Operations,https://www.airbus.com
Airbus Operations Sl,https://www.airbus.com
Airbus Poland,https://www.pzlwarszawa.com
Aircraft Development And Systems Engineering (Adse),https://www.adse.eu
Aisent,https://www.aisent.io
Akamai Technologies,https://www.akamai.com/
Akheros,https://www.akheros.com
Akmon Symvouloi Epicheiriseon Antiprosopeies Emporiki Exagogiki Eisagogiki Kataskevastiki Kai Vi,https://www.akmonsa.gr
Albemarle,http://albemarle.com
Alcoa,http://www.alcoa.com
Alcoa Warrick,https://www.alcoa.com/
Alioth Trading Sp Zoo,https://www.alioth.group/pl/alioth-trading-pl/
Aliter Technologies As,https://www.aliter.com
Alleima,https://www.alleima.com/
Almonty Industries,http://www.almonty.com
Alpha Innovations,https://www.alphainnovations.eu/
Alpha Metallurgical Resource,https://alphametresources.com
Alphabet,https://abc.xyz
Alphabet Class A,https://abc.xyz
Alphabet Class C,https://abc.xyz
Alpine Eagle,https://alpineeagle.com/
Alseamar,https://www.alseamar-alcen.com
Alta Ares,https://altaares.com/
Altius Minerals,https://altiusminerals.com
Altus Lsa Commercial And Manufacturing Private Security Service Societe Anomyme,https://altus-lsa.com
Aluminum OF China,https://www.chalco.com.cn
Amazon,https://amazon.com
Amdc,https://www.amdc.de
America Movil B,https://www.americamovil.com
American Battery Technology Compan,https://americanbatterytechnology.com/
American Elements,https://www.americanelements.com
Americas GOLD AND Silver,https://americas-gold.com
Amesys SAS,https://atos.net
Amman Mineral Internasional,https://www.amman.co.id/
Amonyx Aps,https://www.amonyx.com
Amphenol Class A,http://www.amphenol.com
Amphinicy Doo Za Racunalne Aktivnosti I Zastupanje,https://www.amphinicy.com
Amphinicy Luxembourg,https://www.amphinicy.com
Analog Devices,https://www.analog.com/
Anduril Industries,https://www.anduril.com
Andøya Spaceport As,https://www.andoyaspace.no/
Anglo American,https://angloamerican.com/
Anglo Belgian,https://www.abcdiesel.be
Anozrway,https://anozrway.com
Antexia Technologies Sl,https://antexia.es
Antofagasta,https://www.antofagasta.co.uk
Antwerp Space,https://www.antwerpspace.be
Aperam SA,http://www.aperam.com
Apple,https://apple.com
Applied Material,https://www.appliedmaterials.com/
Applovin Class A,https://www.applovin.com/
Approach Belgium,https://www.approach.be
Arafura RARE Earths,https://www.arultd.com
Arafura Resources,http://www.arultd.com
Arbit Cyber Defence Systems Aps,https://arbitcds.com
Arcelormittal SA,https://corporate.arcelormittal.com
Arctur Racunalniski Inzeniring Doo,https://www.arctur.si
Arianegroup,https://ariane.group
Arianegroup,https://www.ariane.group
Arianespace,https://www.arianespace.com
Arista Networks,https://www.arista.com/
Arondite,https://arondite.com
Arquus,https://www.arquus-defense.com
Arxlight,https://www.arxlight.com
Ase,https://www.ase-spa.com
Aselsan A.S.,http://www.aselsan.com.tr/en-us/Pages/default.aspx
Ashapura Minechem,https://www.ashapura.com
At&t,https://www.att.com
Atalaya Mining Copper SA,https://atalayamining.com/
Atlantic Organization For Security,https://www.aofs.org
Aurubis,https://www.aurubis.com/
Autodesk,https://www.autodesk.com/
Autoflug,https://www.autoflug.com
Autotrader,https://www.autotrader.co.uk
Avilus,https://www.avilus.com
Avl List,https://www.avl.com
Axter Aerospace Sl,https://www.axteraerospace.com
BAE Systems,http://www.baesystems.com
BCE,https://www.bce.ca
BE Semiconductor Industries,https://www.besi.com/
BHP,https://www.bhp.com/
BT,https://www.bt.com
BUMI Resources Minerals,http://www.bumiresourcesminerals.com
Babcock International,http://babcockinternational.com
Bae Systems Bofors,https://www.baesystems.com
Bae Systems Hagglunds,https://www.baesystems.com/en/home
Bae Systems Onearc Sweden,https://www.onearc.com
Baidu Class A,https://www.baidu.com/
Baiyin Nonferrous A,http://www.bynmc.com
Baltic Workboats As,https://www.bwb.ee
Baoshan IRON & Steel A,http://www.baosteel.com
Barrick Mining,http://barrick.com
Bayan Resources,https://www.bayan.com.sg/
Bayern Chemie Gesellschaftfur Fur Flugchemische Antriebe Mitbeschrankter Haftung,https://www.bayern-chemie.com
Baykar,https://baykartech.com
Bekaert (d) SA,https://www.bekaert.com
Belss Sia,https://www.belss.lv
Bertin Exensor,https://www.exensor.com
Bertin Technologies,https://www.bertin.fr
Beyond Gravity Austria,https://www.beyondgravity.com
Beyond Gravity Sweden,https://www.beyondgravity.com
Beyond Semiconductor Raziskave In Razvoj D O O,https://www.beyondsemi.com
Bforcure,https://www.bforcure.com
Bharat Electronics,http://www.bel-india.in/
Biersack Aerospace,https://www.biersack.de
Bittium Safemove,https://www.bittium.com
Bittium Wireless,https://www.bittium.com
Blackned,https://www.blackned.de
Bloodout Ou,https://www.bloodout.eu
Bloom,http://bloomsocialanalytics.com
Blue Insight Technologies Unipessoal Lda,https://www.blueinsight.eu/
Bluescope Steel,https://www.bluescope.com
Boliden,http://www.boliden.com/
Bradespar PREF SA,http://www.bradespar.com.br
Brazilian RARE Earths,https://brazilianrareearths.com
Brightelligence Sp Z O O,https://www.brightelligence.com
Broadcom,https://www.broadcom.com/
Bruhn Newtech As,https://bruhn-newtech.com
Bss Aps,https://www.bionicsystemsolutions.com
Buenaventura ADR Representing,https://buenaventura.com
Bull,https://www.bull.com
Bureau Veritas Cybersecurity Europe B V,https://cybersecurity.bureauveritas.com/
Business Machines,https://www.ibm.com
C Ris Pharma,https://www.c-rispharma.com
C V Defence,https://www.cnv-defence.eu
C2Grid,https://www.c2grid.com/
CAP SA,https://www.cap.cl
CAR,https://cargroup.com
CASIC,http://casicfund.com/
CDW,https://www.cdw.com
CGI Class A,https://www.cgi.com
CMOC,https://en.cmoc.com
CODELCO,http://www.codelco.com/
CSSC,http://www.cssc.net.cn
Cadence Design Systems,https://www.cadence.com/
Cafa Tech Ou,https://cafatech.com
Cailabs,https://www.cailabs.com
Canon,https://www.canon.com
Capgemini,https://www.capgemini.com
Capstone Copper,https://capstonecopper.com/
Carbon Solutions Hintsteiner,https://www.hintsteiner-group.com
Cavok Uas,https://www.cavok-uas.com
Celestia Antwerp B V,https://www.celestia-antwerp.be
Celestia Satellite Test Andsimulation B V,https://www.celestia-sts.com
Celestica,https://www.celestica.com/
Cellnex Telecom,https://www.cellnex.com
Centro De Observacion Y Teledeteccion Espacial Sau,http://www.grupotecopy.es/cotesa
Century Aluminum,http://www.centuryaluminum.com/
Century IRON AND Steel Industrial,https://www.century.com.tw
Certsign,https://www.certsign.ro
Cetena Centro Per Gli Studi Di Tecnica Navale,https://www.cetena.it
Champion IRON,https://www.championiron.com/
Changeneering As,https://changeneering.no
Charter Communications Class A,https://www.spectrum.com/
Chemring Group,https://www.chemring.com
Chengtun Mining A,https://www.600711.com
China Aerospace Science and Technology Corporation,http://english.spacechina.com/
China Hongqiao,http://hongqiaochina.com/
China Metal Recycling () L,http://www.chinametalrecycle.com/
China Minmetals,http://www.minmetals.com/
China Molybdenum A,https://en.cmoc.com/
China Nonferrous Mining Corporatio,https://www.cnmcl.net
China Northern RARE Earth (),https://www.reht.com
China Northern Rare Earth,https://www.reht.com
China Shenhua Energy Company,http://en.shenhuachina.com
China Steel,http://www.csc.com.tw
China Tungsten AND Hightech Materi,https://www.minmetalstungsten.com
Chinalco (Gallium),http://www.chalco.com.cn/
Chinalco Rare Earth,http://www.chalco.com.cn/
Chung HUNG Steel,https://www.chsteel.com.tw
Ciena,https://www.ciena.com
Cisco Systems,https://www.cisco.com/
Citic Pacific Special Steel,https://www.citicsteel.com
Civitanavi Systems,https://www.civitanavi.com
Clavister Security,https://www.clavister.com
Cleveland Cliffs,http://www.clevelandcliffs.com/
Clue Aerospace Sl,https://www.clue.aero
Clue Technologies Sl,https://www.clue.aero
Coal India,https://www.coalindia.in/index-hi.html
Cognizant Technology Solutions COR,https://www.cognizant.com
Coherent,https://www.coherent.com
Collective Mining,https://collectivemining.com
Colt CZ Group,https://www.coltczgroup.com
Comand AI,https://comandai.net
Combitech,https://www.combitech.se
Comcast Class A,https://corporate.comcast.com
Comec,http://comec.cssc.net.cn
Commercial Metals,https://www.cmc.com/
Compagnie Industrielle Des Lasers Cilas,https://www.cilas.com
Companhia Brasileira DE Aluminio,https://cba.com.br/
Companhia Siderurgica Nacional SA,http://www.csn.com.br/
Compania Nationala Romarm,https://www.romarm.ro
Compass Minerals,https://www.compassminerals.com/
Composite Project Kft,https://www.composite-project.com
Comptek Solutions,https://www.comptek-solutions.com
Concern PVO Almaz Antey,http://www.almaz-antey.ru
Conseil Et Technique,https://www.conseil-et-technique.com/
Constellation Software,http://www.csisoftware.com/
Constellium Class A,http://www.constellium.com/
Corning,https://www.corning.com
Creotech Instruments Spolka Akcyjna,https://www.creotech.pl
Criffin Solutions Ou,https://www.criffin.com
Crosshill,https://www.crosshill.fi
Crowdstrike Class A,https://www.crowdstrike.com/
Crytur Spol Sro,https://www.crytur.com
Cs France,https://www.csgroup.eu
Ct Ingenieros Aeronauticos De Automocion E Industriales Sl,https://www.ctingenieros.es
Ctc,https://ctc-composites.com
Cy R I C Cyprus Research And Innovation Center,http://www.cyric.eu
Cy4Gate,https://cy4gate.com
Cybernetica As,https://www.cyber.ee/
Cybexer Technologies,https://www.cybexer.com
Czechoslovak Group,https://czechoslovakgroup.cz
D Orbit,https://www.deorbitaldevices.com
D P Development And Production Of Electronic Systems,https://www.depelsys.it
DAQO NEW ENERGY,http://www.dqsolar.com
DELL Technologies Class C,https://www.dell.com
DOWA,http://www.dowa.co.jp/
Daido Steel,http://www.daido.co.jp/
Damen Naval,https://www.damennaval.com
Damen Research Development Innovation,https://www.damen.com
Damen Schelde Naval Shipbuilding,https://www.damennaval.com
Dassault Aviation,http://www.dassault-aviation.com/en/
Dassault Systemes,https://www.3ds.com/
Data Machine Intelligence Solutions,https://www.datamachineintelligence.eu
Datadog Class A,https://www.datadoghq.com/
Datathings,https://datathings.com
Decent Cybersecurity S R O,https://decent.ch
Deep Blue,http://www.dblue.it
Defensphere Oü,https://vegvisir.ee
Deimos Engineering And Systems Slu,https://www.elecnor-deimos.com
Delft Dynamics,https://www.delftdynamics.nl
Delian Alliance Industries,https://www.delian.ai
Delta Electronics,http://www.deltaww.com/
Dentsu,https://www.dentsu.co.jp
Destinus,https://www.destinus.com
Deterra Royalties,https://www.deterraroyalties.com
Deutsche Telekom N,https://www.telekom.com/
Develogic,https://www.develogic.de
Develop Global,https://www.develop.com.au
Devslate Uab,https://bccs.tech
Diadikasia Business Consulting Symvouloi Epicheiriseon Ae,https://www.diadikasia.gr
Diehl Aerospace,https://www.diehl.com/aviation
Diehl Defence,http://www.diehl.com/defence
Disco,https://www.disco.co.jp
Dnv As,https://www.dnv.com
Dnv Hellas Single Member,https://www.dnv.com
Dok Ing Drustvo S Ogranicenom Odgovornoscu Za Inzenjering I Unutarnjui Vanjsku Trgovinu,https://dok-ing.hr/
Dotocean,https://www.dotocean.eu
Drass Galeazzi,https://www.drass.it
E Geos,https://www.e-geos.it
E S T E,https://www.estetechnology.com
EAST Pipes Integrated FOR,https://www.eastpipes.com
EPAM Systems,https://www.epam.com/
ERO Copper,https://www.erocopper.com
Echostar Class A,http://www.echostar.com
Eclecticiq,https://eclecticiq.com
Ecliptic Defence And Space,https://www.ecliptic-ds.com
Eidel As,https://www.eidel.no
Eight Bells,http://8bellsresearch.com
Eight Bells Hellas I K E,https://www.8bellshellas.com
Elbit Systems,http://www.elbitsystems.com
Electronic ARTS,https://www.ea.com
Elettronica,http://www.elettronicagroup.com/
Elevra Lithium,https://www.elevra.com
Elisa,https://www.elisa.com
Elkem,https://www.elkem.com
Elliniki Aeroporiki Viomichania Anonymi Etaireia,https://www.haicorp.com
Elwave,https://elwave.fr/
Embedded Acoustics B V,https://www.embeddedacoustics.com
Embention Sistemas Inteligentes,https://www.embention.com
Emproof,https://www.emproof.com
Enamor Spolka Z Ograniczona Odpowiedzialnoscia,http://www.enamorint.com
Endurosat Ad,https://www.endurosat.com
Enersec Technology,https://www.enersec.net
Environics,https://www.environics.fi
Equipos Moviles De Campana Arpa,https://www.arpaemc.com
Era As,https://www.era.aero
Eramet SA,https://www.eramet.com
Eregli Demir VE Celik Fabrikalari,https://www.erdemir.com.tr
Ericsson,https://www.ericsson.com/
Ericsson B,https://www.ericsson.com
Ericsson France,https://www.ericsson.com
Ericsson Magyarorszag Kommunikacios Rendszerek Kft,https://www.ericsson.com
Esc Defence S R O,https://www.esc-aerospace.cz
Escribano Mechanical And Engineering S L U,https://www.eme-es.com
Esg Elektroniksystem Und Logistik,https://www.esg.de
Etme Peppas Associates,https://www.etme.gr
Eutelsat,https://www.eutelsat.com/
Evergreen Steel,https://www.evergreennet.com/
Eviden Austria,https://eviden.com/
Eviden Technologies,https://eviden.com/
Exail Robotics,http://www.exail.com
Exail Robotics Belgium,https://www.exail.com
Exatel Spolka Akcyjna,https://www.exatel.pl
Extoll,https://www.extoll.de
Exxelia Group,http://www.exxelia.com/
F5,https://www.f5.com
FAIR Isaac,http://www.fico.com/
FENG HSIN IRON & Steel,https://www.fenghsin.com.tw
FOX Class A,https://www.foxcorporation.com
FOX Class B,https://www.foxcorporation.com
Fabentech,https://www.fabentech.com
Factiven,https://www.factiven.io
Falconers Ou,https://www.falconers.ee
Feac Engineering Private,https://www.feacomp.com
Ferbasa PREF,https://www.ferbasa.com.br
Ferroglobe,https://www.ferroglobe.com/
Fiberbridge Photonics,https://www.fiberbridge-photonics.com
Fincantieri,https://www.fincantieri.com
Fincantieri Nextech,https://www.fincantieri.com/it/gruppo/controllate-collegate/fincantieri-nextech/
Fireco As,https://www.fireco.no
First Quantum Minerals,http://www.first-quantum.com/
First Solar,https://www.firstsolar.com/
Flysight,https://www.flysight.it/
Fn Herstal,https://www.fnherstal.com
Fokker Technologies,http://www.fokker.com/
Foran Mining,https://foranmining.com
Fortescue,https://www.fmgl.com.au
Fortescue Metals Group,http://www.fmgl.com.au
Fortinet,http://www.fortinet.com/
Forward Global,https://www.forwardglobal.com
Free Space,https://www.free-space.it
Freeport Mcmoran,http://www.fcx.com
Frontgrade Gaisler,https://www.gaisler.com
Fujifilm,https://www.fujifilm.com
Fujitsu,https://www.fujitsu.com
G E M Elettronica,https://www.gemrad.com
G G Partners,https://www.gegpartners.net
GCL Technology,http://www.gcltech.com/
GEN Digital,https://www.gendigital.com/
GMK Norilskiy Nikel,https://www.nornickel.com
Ganfeng Lithium,http://www.ganfenglithium.com/
Gartner,https://www.gartner.com
Gd European Land Systems Steyr,https://www.steyr-systems.com
Ge Avio,https://www.avioaero.com
General Dynamics,https://www.gd.com
Geoimaging,https://www.geoimaging.com.cy
Gerdau PREF SA,https://www.gerdau.com
Giss Spolka Z Ograniczona Odpowiedzialnoscia,https://giss.pl/pl/
Gkn Fokker Aerospace,https://www.fokker.com
Glencore,https://www.glencore.com/
Global Design Technology,https://www.gdtech.net
Gloria Material Technology,https://www.gmtc.com.tw/tw
Gmv Aerospace And Defence,https://www.gmv.com
Gmv Innovating Solutions,https://www.gmv.com
Gmvis Skysoft,https://www.gmv.com.pt
Godaddy Class A,https://www.godaddy.com/
Godawari Power AND Ispat,https://www.godawaripowerispat.com
Grabher,https://www.grabher-group.at
Gradel,https://www.gradel.lu
Granges,https://www.granges.com
Gravita India,https://www.gravitaindia.com
Green Communications,http://www.green-communications.fr
Grupa KETY SA,https://www.kety.pl
Grupo Mexico,http://www.gmexico.com
Grupo Mexico B,http://www.gmexico.com/
Guangdong HEC Technology L,https://www.hec.cn/en
Guardiaris Racunalniske Aplikacije In Simulacije D O O,http://www.guardiaris.com
Gyala S R L,https://www.gyala.com
H Henriksen As,https://www.hhenriksen.com
HAVELSAN,https://www.havelsan.com.tr/
HII Mission Technologies,https://tsd.huntingtoningalls.com/
HILL AND Smith,https://hsgroup.com
HON HAI Precision Industry,https://www.honhai.com
HP,https://www.hp.com
Halma,https://www.halma.com
Hanking GOLD,https://www.hankingmining.com
Harfanglab,https://www.harfanglab.io/
Harp Technologies,https://harptechnologies.com
Hat Tec,https://www.hattec.de
Hellenic Radiation Dosimetry Ike,https://www.herado.eu
Helsing,https://www.Helsing.ai
Helsing Germany,https://www.helsing.ai
Hemlock Semiconductor Operations,https://www.hscpoly.com/
Henan Shenhuo COAL & Power A,http://www.shenhuo.com
Hensoldt,https://www.hensoldt.net/
Hensoldt Analytics,https://www.hensoldt-analytics.com
Hensoldt Cyber,https://hensoldt-cyber.com
Hensoldt France,https://www.hensoldt.net
Hensoldt Optronics,https://www.hensoldt.net
Hensoldt Sensors,https://www.hensoldt.net
Hewlett Packard Enterprise,https://www.hpe.com/
Hexagon Class B,https://hexagon.com
Hindalco Industries,http://www.hindalco.com
Hindustan Aeronautics,https://hal-india.co.in
Hindustan Copper,https://www.hindustancopper.com
Hisdesat Servicios Estrategicos,https://www.hisdesat.es
Hitec Luxembourg Hitec,https://www.hitec.lu
Hm Elektronikai Logisztikai Es Vagyonkezelo Zartkoruen Mukodo Reszvenytarsasag,https://www.hmei.hu
Holland Composites,https://www.hollandcomposites.nl
Honeywell,http://www.honeywell.com
Honeywell Sro,https://www.honeywell.com
Hoshine Silicon,http://www.hoshinesilicon.com
Hudbay Minerals,http://www.hudbayminerals.com/
Hudson Dynamics B V,https://www.hudson.tech
Hunan Valin Steel A,https://www.valin.cn
Huta Stalowa Wola,https://www.hsw.pl
Hygear,http://www.hygear.nl
Hyundai Steel,http://www.hyundai-steel.com/
I D S Ingegneria Dei Sistemi,http://www.idscorporation.com
IBM,http://www.ibm.com
ICEYE,https://www.iceye.com
IGO,https://www.igo.com.au
IMI Systems,http://www.imisystems.com/
Ibiden,http://www.ibiden.co.jp/
Ict Legal Consulting B V,https://www.ictlegalconsulting.com
Ignity,https://www.wsl.be
Ihc Defence,https://www.royalihc.com
Iknowhow,https://www.iknowhow.com
Iluka Resources,http://www.iluka.com
Imdex,https://www.imdexlimited.com
Immunor As,https://www.immunor.com
Impact,https://sas-impact.fr/
Impala Platinum,https://www.implats.co.za
Indian Rare Earths,https://www.irel.co.in
Indium,http://www.indium.com/
Indra,http://www.indracompany.com
Indra Avitech,https://indra-avitech.aero/
Indra Espacio Slu,https://www.indracompany.com
Indra Sistemas,https://www.indracompany.com
Industria De Turbo Propulsores Sociedad Unipersonal,https://www.itpaero.com
Industrieanlagen Betriebsgesellschaft Mbh,https://www.iabg.de
Ineratec,https://www.ineratec.de
Infili Technologies,https://www.infili.com
Infineon Technologies,https://www.infineon.com/cms/de/
Informa,https://www.informa.com
Innovation In Research Engineering Solutions,https://www.innovation-res.eu
Ino,https://www.inocon.at
Inocon Technologie,https://www.inocon.at
Inoviem Scientific,https://www.inoviem.com
Insta Advance,https://www.insta.fi
Instalaza,https://www.instalaza.es
Instrumentation Technologies Elektronska Instrumentacija In Produkti Za Procesiranje Signalov Doo,https://www.i-tech.si
Integrasys,https://www.integrasys-sa.com
Integrasys,http://www.integrasys-space.com/
Intel,https://www.intel.com
Intelekt Tv Llc,https://www.intelekt.net/
Intelic,https://www.intelic.ai/
Interactive Software,https://isw.ro
Interoperability Systems Hellas Single Member,https://www.scytalys.com
Intersoft Electronics,https://intersoft-electronics.com
Intracom Defense Ae,https://www.intracomdefense.com
Intuit,https://www.intuit.com/
Invitris,https://invitris.com/
Iperionx,https://www.iperionx.com
Isaware,https://www.isaware.fi
Isd Aerospace,https://www.isdasa.com
Isd Lyseis Olokriromenon Systimatonanonymos Etaireia,https://www.isd.gr
Isotta Fraschini Motori,https://www.isottafraschini.it
Israel Aerospace Industries,http://www.iai.co.il
Italwatt,https://www.italwatt.it
Itres,https://itres-system.com
Itti Sp Zoo,https://www.itti.com.pl
Ivanhoe Electric,https://ivanhoeelectric.com
Ivanhoe Mines Class A,https://www.ivanhoemines.com/
Iveco Defence Vehicles,https://www.idvgroup.com
JFE,https://www.jfe-holdings.co.jp/
JSW Steel,https://www.jsw.in/steel
JX Advanced Metals,https://www.jx-nmm.com/english
Jabil,http://www.jabil.com/
Jafral Biotehnoloske Raziskave Inrazvoj Doo,https://www.jafral.com
Jastrzebska Spolka Weglowa SA,http://www.jsw.pl/
Jena Optronik,https://www.jena-optronik.com
Jiangxi Copper A,https://www.jxcc.com
Jiangxi Copper H,https://www.jxcc.com
Jiaxin Resources INV,https://www.jiaxinir.com
Jinchuan Resou,http://en.jnmc.com
Jindal SAW,https://www.jindalsaw.com
Jindal Stainless,https://www.jindalstainless.com
Jindal Steel,https://www.jspl.com
Jinduicheng Molybdenum A,http://www.jdcmoly.com/English/Index.aspx
John Cockerill Defense,https://www.johncokerill.com
John Cockerill Defense France,https://www.johncockerill.com
KDDI,https://www.kddi.com/
KGHM International,http://kghm.com
KGHM Polska Miedz SA,https://kghm.com
KLA,https://www.kla.com
KNDS,https://www.knds.com/
KOBE Steel,https://www.kobelco.co.jp
Kaiser Aluminium,https://www.kaiseraluminum.com
Kapamed,https://www.kapamed.ro
Kapamed Ukraine Llc,https://kapamed.ro/uk/
Kardemir Karabuk Demir Celik Sanay,http://www.kardemir.com
Kepla,https://www.systecon.se
Keyence,https://www.keyence.com/
Keysight Technologies,http://www.keysight.com/
Kirloskar Ferrous Industries,https://www.kirloskarferrous.com
Knds Ammo France,https://www.knds.fr/en/our-brand/knds-france
Knds Ammo Italy,https://www.knds.fr/en/our-brand/knds-ammo-italy-spa
Knds Belgium,https://www.knds.com
Knds Deutschland,https://www.knds.de
Knds Deutschland Tracks,https://www.knds-tracks.de
Knds France,https://www.knds.fr
Knds France Robotics,https://www.nexter-robotics.com
KoBold Metals,https://www.koboldmetals.com
Konami,https://www.konami.com
Kongsberg,http://www.kongsberg.com
Kongsberg Defence Aerospace As,https://www.kongsberg.com
Kongsberg Discovery As,https://www.kongsberg.com/discovery
Kongsberg Maritime As,https://www.kongsberg.com/maritime/
Koninklijke KPN,https://www.kpn.com
Kradient Intelligence,https://marshallai.com
Kratos Defense and Security Solutions,http://www.kratosdefense.com
Kuaishou Technology,https://www.kuaishou.com
Kyocera,https://www.kyocera.com
Kyoei Steel,https://www.kyoeisteel.co.jp/en.html
L M Ericsson,https://www.ericsson.com/
L Up,http://www.l-up.com/
L3Harris Technologies,https://www.l3harris.com
LAM Research,https://www.lamresearch.com/
LEO Lithium,https://leolithium.com.au
LIVE Nation Entertainment,https://www.livenationentertainment.com/
LY,https://www.lycorp.co.jp
Laboratorios Farmaceuticos Rovi,https://www.rovi.es
Laboratorios Liconsa,https://www.chemogroup.com
Labrador IRON ORE Royalty,https://www.labradorironore.com
Lambda X High Tech,https://www.lambda-x.com
Larimart,http://www.larimart.it/
Lasertec,https://www.lasertec.co.jp/
Lasting Software,https://www.lastingsoftware.com
Latvijas Mobilais Telefons Sia,https://www.lmt.lv/en
Leniobio,https://www.leniobio.com
Leonardo Societa Per Azioni,https://www.leonardo.com
Liebherr Aerospace Lindenberg,https://www.liebherr.com
Light Structures As,https://www.lightstructures.no
Liontown,https://www.liontownresources.com.au
Lithium Americas,https://www.lithiumamericas.com/
Lockheed Martin,https://www.lockheedmartin.com
Logiicdev,https://www.logiicdev.eu
Logitech SA,https://www.logitech.com/
Logstail Single Member Privatecompany,https://logstail.com
Look Up Space,https://www.lookupspace.com
Lumentum,https://www.lumentum.com
Lundin Mining,http://www.lundinmining.com
Luxgovsat,https://www.govsat.lu
Luxtrust,https://www.luxtrust.com/en
Lynas RARE Earths,http://www.lynascorp.com/
Lynred,https://www.lynred.com
MBDA,http://www.mbda-systems.com/
META Platforms Class A,https://www.meta.com
MMG,https://www.mmg.com
MOIL,https://www.moil.nic.in
MP Materials,https://mpmaterials.com
MP Materials Class A,http://mpmaterials.com/
Maanshan IRON AND Steel H,http://www.magang.com.hk/eng
Macmahon,https://www.macmahon.com.au
Maharashtra Seamless,https://www.jindal.com/msl/index.html
Major Drilling,http://www.majordrilling.com/index.cfm
Marduk Technologies Ou,https://www.marduk.ee
Marinom,https://marinom.de
Marion Technologies S,http://www.mariontechnologies.com
Maritime Robotics As,https://www.maritimerobotics.com
Maruichi Steel TUBE,https://www.maruichi-steel.co.jp
Masa,https://www.masasim.com
Materion,https://www.materion.com
Ma’aden,https://www.maaden.com.sa
Mb Pharma S R O,https://www.mbph.cz
Mbda Deutschland,https://www.mbda-systems.com
Mbda Espana Sl,https://www.mbda-systems.com/
Mbda France,https://www.mbda-systems.com
Mbda Italia,http://www.mbda-systems.com/
Mbryonics,https://www.mbryonics.com
Meccanica Per L'Elettronica E Servomeccanismi Mes Societa Per Azioni,https://www.mesroma.it
Mechel PREF,https://www.mechel.ru
Mediatek,https://www.mediatek.com/
Melrose Industries,http://www.melroseplc.net/
Merdeka Copper GOLD,http://www.merdekacoppergold.com
Meta for Developers,https://developers.meta.com/
Metallus,https://metallus.com
Metalurgica Gerdau PREF SA,https://www.gerdau.com
Mews France,http://www.mews-partners.com
Mews Labs,https://www.mews-labs.com
Mgm Compro S R O,https://www.mgm-compro.com
Microchip Technology,https://www.microchip.com/
Microfluidic Chipshop,https://www.microfluidic-chipshop.com/
Micron Technology,https://www.micron.com
Microphotonx,https://www.microphotonx.com
Microsoft,https://www.microsoft.com/
Mil Sistemika Int Informacijske Resitve D O O,https://www.milsistemika.com
Milrem As,https://www.milremrobotics.com/
Mimicrys Systems,https://www.mimicrys.com
Mindconsole,https://www.mindconsole.net
Mineral Resources,https://www.mineralresources.com.au/
Mirion Technologies (Mgpi),https://www.mirion.com
Mishra Dhatu Nigam,https://www.midhani-india.in
Mitsubishi Materials,http://www.mmc.co.jp/
Mitsui Kinzoku,https://www.mitsui-kinzoku.co.jp
Monolithic Power Systems,http://www.monolithicpower.com
Motor Oil (Hellas) Diilistiria Korinthou A E,https://www.moh.gr
Motor Oil Renewable Energy Monoprosopi Ae,https://www.more-energy.gr/
Motorola Solutions,https://www.motorolasolutions.com/
Msm Land Systems S R O,https://www.msmls.sk
Mtg Marinetechnik,https://www.mtg-marinetechnik.de/unternehmen
Mtu Aero Engines,https://www.mtu.de
Murata Manufacturing,https://www.murata.com/ja-jp
Myelo Therapeutics,http://www.myelotherapeutics.com
NEC,https://www.nec.com
NEWS Class A,https://www.newscorp.com
NEWS Class B,https://www.newscorp.com
NGEX Minerals,https://ngexminerals.com
NMDC,https://www.nmdc.co.in
NMDC Steel,https://www.nsltd.in
NTT,https://www.ntt.com
NXP Semiconductors,http://www.ru.nxp.com/
Nammo,https://www.nammo.com/
Nammo Lapua,https://Lapua.com
Nammo Raufoss As,https://www.nammo.com
Nammo Sweden Aktiebolag,https://www.nammo.com
National Aluminium,https://www.nalcoindia.com
Naval,https://www.naval-group.com
Naval Belgium,https://www.naval-group.com
Navantia,https://WWW.NAVANTIA.ES
Naver,https://www.navercorp.com
Navis Consult Doo Projektiranje I Konstruiranje Broda,https://www.kongsberg.com
Naxys Technologies As,https://Naxystechnologies.com
Nederlandse Instrumenten Compagnie Nedinsco,https://www.nedinsco.com
NeoPerformance,https://neoperformance.com
Neosat,https://www.neosat.de
Neovirtech,https://neovirtech.com
Netapp,https://www.netapp.com/
Netease,https://www.163.com/
Netflix,https://www.netflix.com/
Neuraspace,https://www.neuraspace.com
Newmont,https://www.newmont.com
Nexa Technologies,http://home.nexatechnologies.com
Nexon,https://company.nexon.com
Nextdc,https://www.nextdc.com/
Nickel Industries,https://www.nickelindustries.com.au
Nintendo,https://www.nintendo.com
Niocorp Developments,https://niocorp.com
Nippon Light Metal,http://www.nikkeikinholdings.com/index.html
Nippon Steel,https://www.nipponsteel.com/
Nittetsu Mining,https://www.nittetsukou.co.jp/eng
Nixu,https://www.dnv.com/cyber/
Nokia,https://www.nokia.com
Nokia Networks France,https://www.nokia.com
Nokia Solutions And Networks Kft,https://www.nokia.com
Nokia Solutions And Networks Sp Zoo,https://www.nokia.com
Nomura Research Institute,https://www.nri.com
Nordic Air Defence,https://www.nordicairdefence.com
Nordic Radar Solutions Aps,https://www.nordicradarsolutions.com
Nordmetall,https://www.nordmetall.net
Norhybrid Renewables As,https://www.norhybrid.com
Norincogroup,http://www.norincogroup.com.cn
Norsk Hydro,https://hydro.com
Northam Platinum Hldgs,https://www.northam.co.za
Northern Dynasty Minerals,https://www.northerndynastyminerals.com
Northrop Grumman,https://www.northropgrumman.com
Northrop Grumman Litef,https://www.litef.de
Norwegian Hydrogen As,https://www.nh2.no
Novadem,https://www.novadem.online
Novakamp,https://novakamp.fr
Novolipetsk Steel,https://www.nlmk.com/
Nucor,http://www.nucor.com
Nurenda Technologies,https://www.nurenda.com/
Nvidia,https://www.nvidia.com/
OBIC,https://www.obic.co.jp
ON Semiconductor,https://www.onsemi.com/
OPEN TEXT,https://www.opentext.com/
Oceanscan Marine Systems Technology Lda,https://www.oceanscan-mst.com
Odense Maritime Technology A S,https://www.odensemaritime.com
Odysseus Space,https://odysseus.space
Officina Stellare,https://www.officinastellare.com
Offroad Apps,https://www.offroadapps.nl
Ohb Digital Connect,https://www.ohb.de/digital
Ohb Hellas Monoprosopi Etaireia Periorismenis Efthinis,http://www.ohb-hellas.gr
Ohb Sweden,https://www.ohb.se
Ohb System,https://www.ohb-system.de
Okapi:Orbits,https://www.okapiorbits.space
Omnicom,https://www.omnicomgroup.com/
Omron,https://www.omron.co.jp/
On Air Consulting Solutions,https://www.onaircs.com
Onedrone Sobodne Tehnologije Doo,https://www.onedrone.com
Optics11,https://www.optics11.com
Optimal Structural Solutions Lda,https://www.optimal.pt
Oracle,https://www.oracle.com/
Orange SA,https://www.orange.com
Origin Robotics,https://origin-robotics.com/
Osaka Steel,https://www.osaka-steel.co.jp
Osauhing Rantelon,https://www.rantelon.ee
Osrodek Badawczo Rozwojowy Centrum Techniki Morskiej Spolka Akcyjna,https://www.ctm.gdynia.pl
Osrodek Badawczo Rozwojowy Urzadzen Mechanicznych Obrum Sp Zo O,https://obrum.pl
Outokumpu,https://www.outokumpu.com
PALO ALTO Networks,https://www.paloaltonetworks.com
PGZ (Polish Armaments),https://grupapgz.pl
PLS,https://www.pilbaraminerals.com.au
PTC,https://www.ptc.com
PTC Industries,https://www.ptcil.com
Palantir Technologies,http://www.palantir.com
Palantir Technologies Class A,https://www.palantir.com/
Paramount Skydance Class B,https://www.paramountglobal.com
Patria,https://www.patriagroup.com
Patria Aerostructures,https://www.patriagroup.com
Patria Aviation,https://www.patriagroup.com
Patria Land,http://patria.fi/
Patricomp Oy,https://www.patriagroup.com/
Payload Aerospace Sl,https://www.pldspace.com
Perenti,https://www.perenti.com
Petrosea,http://www.petrosea.com
Phaxiam Therapeutics,http://erytech.com/fr/
Philips,https://www.philips.com
Philips Electronics Nederland,https://www.philips.com
Pi Ceramic,https://www.piceramic.de/de/
Piedrafita Systems Sl,https://www.piedrafita.com
Pilbara Minerals,http://pilbaraminerals.com.au
Pixii As,https://www.pixii.com
Planetek Hellas Monoprosopi Etaireia Periorismenis Efthynis,https://www.planetek.gr
Plasan,http://www.plasansasa.com
Plath Signal Products,https://plath-signalproducts.com
Pno Innovation,https://www.pnoinnovation.com
Polyamp Aktiebolag,https://www.polyamp.se
Poongsanoration,https://www.poongsan.co.kr
Posco,http://www.posco.com
Press Metal Aluminium,https://www.pressmetal.com
Prisma Electronics,https://www.prismaelectronics.eu/index.php/en/
Publicis Groupe SA,https://www.publicisgroupe.com
Qamcom Research And Technology,https://www.qamcom.se
Qatar Aluminium Manufacturing,https://www.qatalum.com
QinetiQ,http://www.qinetiq.com
Qnity Electronics,https://www.qnityelectronics.com/
Quadsat Aps,https://www.quadsat.com
Qualcomm,https://www.qualcomm.com/
Quanta Computer,http://www.quantatw.com/
Quantum Systems,https://www.quantum-systems.com
REA,https://www.rea-group.com
RIO Tinto,https://www.riotinto.com/
Rafael Advanced Defense Systems,http://www.rafael.co.il
Ramaco Resources Class A,https://ramacoresources.com
Ramkrishna Forgings,https://www.ramkrishnaforgings.com
Ratnamani Metals AND Tubes,https://www.ratnamani.com
Raytheon Missile Systems,https://www.rtx.com/raytheon/
Reaktor Innovations,https://www.reaktor.com
Recylex,http://www.recylex.eu/
Reflex Aerospace,https://www.reflexaerospace.com
Reliance Steel & Aluminum,http://www.rsac.com/
Renesas Electronics,https://www.renesas.com/
Renk,https://www.renk-group.com
Renk Magnet Motor,https://www.magnet-motor.de/
Rheinmetall,http://www.rheinmetall.com
Rheinmetall Defence Nederland B V,https://rheinmetall.com
Rheinmetall Electronics,https://www.rheinmetall.com
Rheinmetall Expal Munitions U,https://www.rheinmetall.com/en/company/subsidiaries/rheinmetall-expal-munitions
Rheinmetall Hungary Munitions Zartkoruen Mukodo Reszvenytarsasag,https://rheinmetall.com
Rheinmetall Italia,https://www.rheinmetall-defence.com/en/rheinmetall_defence/company/divisions_and_subsidiaries/rheinmetall_italia/index.php
Rheinmetall Landsysteme,https://www.rheinmetall.com
Rheinmetall Man Military Vehicles Osterreich Gesmbh,https://www.rheinmetall-defence.com/de/rheinmetall_defence/company/divisions_and_subsidiaries/rheinmetall_man_military_vehicles/index.php
Rheinmetall Norway As,https://www.rheinmetall.com/en/company/subsidiaries/rheinmetall-nordic
Rheinmetall Project Solutions,https://www.rheinmetall.com
Rheinmetall Protection Systems,https://www.rheinmetall.com
Rheinmetall Technology Center,https://www.rheinmetall.com
Rheinmetall Waffe Munition,https://www.rheinmetall.com
Rialiskeip Typorama Monoprosopi Etairia Periorismenis Efthynis,https://www.typorama.gr
Ricardo Domingos Bergano Lda,https://atlar.pt/
Ricoh,https://www.ricoh.com
Rightmove,https://www.rightmove.co.uk
Roark Aerospace,https://www.roark-aerospace.com/
Robonic,https://www.robonic.fi/
Robotina D O O Podjetje Za Inzeniring Marketing Trgovino In Proizvodnjo,https://www.robotina.si
Rocket Factory Augsburg,https://rfa.space
Rockwell Collins Deutschland,https://www.collinsaerospace.com
Rockwell Collins France,https://www.rockwellcollins.fr
Rogers Communications Non-voting I,https://www.rogers.com
Roketsan,https://roketsan.com.tr/tr
Rolls Royce Deutschland,https://www.rolls-royce.com/deutschland
Rolls-Royce,http://www.rolls-royce.com
Romanian Inspace Engineering,https://www.roinspace.com
Rondal,https://www.rondal.com/
Roper Technologies,https://www.ropertech.com
Rosenbauer,https://www.rosenbauer.com
Roxel France,https://www.roxelgroup.com
Royal Huisman Shipyard,https://www.royalhuisman.com
Rtsys,https://www.rtsys.eu
Ryerson,https://www.ryerson.com
S T Netherlands,https://www.stcorp.nl/
SAP,https://www.sap.com/
SEAH Besteel HDS,https://www.seah.co.kr/eng/
SEAH Steel,http://www.seahsteel.co.kr/
SIMS,https://www.simsltd.com
SK Hynix,https://www.skhynix.com/
SSAB A,http://www.ssab.com
SSAB Class B,http://www.ssab.com
Saab,https://www.saab.com
Saab Aktiebolag,https://www.saab.com
Saab Dynamics Aktiebolag,https://www.saab.com
Saab Finland,https://www.saab.com/fi/markets/finland
Saab Kockums Aktiebolag,https://www.saab.com
Saab Tactical Electronics,https://www.saab.com
Safran,http://www.safran-group.com
Safran Ai,https://www.safran-goup.com
Safran Aircraft Engines,https://www.safran-aircraft-engines.com
Safran Data Systems,https://www.safran-electronics-defense.com
Safran Electrical Power,https://www.safran-group.com
Safran Electrical Power Chatou,https://www.safran-group.com
Safran Electronics Defense,https://www.safran-group.com
Safran Electronics Defense Spain Sociedad Limitada,https://www.safran-group.com
Safran Landing Systems,https://www.safranmbd.com
Safran Nacelles,https://www.safrangroup.com
Safran Power Units,https://www.safran-group.com/companies/safran-power-units
Safran Sensing Technologies Norway As,https://www.sensonor.com/
Safran Transmission Systems,https://www.safran-transmission-systems.com
Safran Trusted 4D,https://safran-navigation-timing.com
Sahar,https://sahar.fr
Saipem,https://www.saipem.com
Salesforce,https://www.salesforce.com
Salzgitter,https://www.salzgitter-ag.com
Samsung Electronics,https://samsung.com/
Samsung Electronics NON Voting PRE,https://www.samsung.com
Sandfire Resources,https://www.sandfire.com.au/
Sandisk,https://sandisk.com/
Sandur Manganese AND IRON ORES,https://www.sandurgroup.com
Santa Barbara Sistems,https://www.gdels.com
Sapa Operaciones S L,https://www.sapa.es
Sarda Energy AND Minerals,https://www.seml.co.in
Satlantis Microsats,https://www.satlantis.com
Satways Olokliromenes Lyseis Asfaleias Kai Amynas Idiotiki Epicheirisi Parochis Ypiresion Asfaleias (Iepya) Etaireia Periorismenis Efthynis,https://www.satways.net
Saudi Arabian Mining,https://www.maaden.com.sa/
Saudi Steel PIPE,https://www.sspipe.com/en
Savox Communications,https://www.savox.com
Scertas,https://www.scertas.de
Schiebel Elektronische Gerate,https://www.schiebel.net
Schwar Jorg,https://www.35reclaim.com
Scioteq,https://www.scioteq.com
Screen,https://www.screen.co.jp
Seagate Technology,http://www.seagate.com
Seair Solutions,https://www.seair-boat.com
Sec Technologies Sro,https://www.sec-technologies.com
Sener Aeroespacial Sociedad Anonima,https://www.aeroespacial.sener
Sensorfleet,https://www.sensorfleet.com
Sentech,https://www.sentech.it
Servicenow,https://www.servicenow.com
Severstal,https://www.severstal.com
Shandong Hongqiao Aluminum Industr,http://en.hongqiaochina.com
Shandong Nanshan Aluminium A,https://en.nanshan.com.cn
Shanjin GOLD A,https://en.sji-gold.com
Shenghe Resources,http://www.shengheholding.com/
Shopify Subordinate Voting CLA,https://www.shopify.com
Shougang Fushan Resources LT,https://www.shougang-resources.com.hk
Sia Dati,https://www.datigroup.com
Sia Exonicus R D,https://exonicus.eu
Sibanye Stillwater,https://www.sibanyestillwater.com
Siel,https://Www.sielnet.com
Sigma Lithium,https://www.sigmalithiumresources.com
Signalgenerix,https://www.signalgenerix.com
Silmach,https://www.silmach.com/
Singapore Telecommunications,https://www.singtel.com/
Sinomine Resource A,https://en.sinomine.cn
Sira Societa Per L Informatica La Ricerca E L Automazione,https://www.sira.net
Sistrade Software Consulting,https://www.sistrade.com
Sitael,https://www.sitael.com
Skyld Security And Defence,https://www.skyld.com.cy
Skyworks Solutions,https://www.skyworksinc.com/
Slf Svenska Laserfabriken,https://www.laserfabriken.com/company/
Smart Ship B V,https://www.smart-ship.eu/
Smartis Informacijski Sistemi D O O,https://www.smartis.si
Sociedad Anonima De Electronica Submarina Sme,https://www.electronica-submarina.com
Sociedad Quimica Y Minera (SQM),http://www.sqm.com/
Societe Belge De Materiaux Composites,https://www.sobelcomp.be
Societe D'Ingenierie De Rechercheset D'Etudes En Hydrodynamique Navale,https://www.sirehna.com
Softbank,https://group.softbank/
Softox Defense Solutions As,https://www.soft-ox.com
Software Imagination And Vision,https://www.simavi.ro
Sol1,https://www.sol.one
Solaris Resources,https://www.solarisresources.ca
Solico Engineering,https://www.solico.nl
Sonovision Ingenieros España,https://WWW.SONOVISIONGROUP.COM
Sopra Steria,https://www.soprasteria.com
Sopra Steria As,https://www.soprasteria.no/
Sotiria Technology Idiotiki Kefalaiouchiki Etaireia,https://www.sotiria.tech
South32,https://www.south32.net/
Southern Copper,http://www.southerncoppercorp.com
Space Applications Services,https://www.spaceapplications.com
Space Hellas Anonymi Etaireia Systimata Kai Ypiresies Tilepikoinonionpliroforikis Asfaleias Idiotiki Epicheirisi Parochis Yperision Asfa,https://www.space.gr
Spacebel,https://www.spacebel.be/
Spacewave Ou,https://spacewave.eu/
Spika Tech Sl,https://www.spikatech.com/
Spinverse,https://www.spinverse.com
Squarehead Technology As,https://www.sqhead.com
Ssrd Varnost Programske Opreme Raziskave In Razvoj D O O,https://ssrd.io
St Analytics,https://www.st-analytics.de
St Engineering I Direct Europe Cy,https://www.idirect.net/st-engineering-idirect-europe
Stam,https://www.stamtech.com
Stanmore Resources,https://www.stanmore.com.au
Starion Nederland,https://www.stariongroup.eu
Steel Dynamics,http://www.steeldynamics.com
Stmicroelectronics,https://www.st.com
Stmicroelectronics Grenoble 2,https://www.st.com
Storyzy,https://www.storyzy.com
Stv As,https://www.stvgroup.cz
Sumitomo Metal Mining,https://www.smm.co.jp
Suncoke Energy,http://www.suncoke.com
Super Micro Computer,https://www.supermicro.com/
Surya Roshni,https://www.suryaroshni.com
Svensk Konstruktionstjaenst,https://www.svekon.se
Svenska Rymdaktiebolaget,https://www.sscspace.com
Swisscom,https://www.swisscom.ch/
Sybilla Technologies Spolka Z Ograniczona Odpowiedzialnoscia,https://www.sybillatechnologies.com
Synergie Cad Psc,http://www.synergie-cad.com/
Synkzone,https://www.synkzone.com
Synopsys,https://www.synopsys.com/
Synyo,https://www.synyo.com
Sysgo S,https://www.sysgo.com
T Mobile US,https://www.t-mobile.com/
TA CHEN Stainless PIPE,https://www.tachen.com
TAKE TWO Interactive Software,https://www.take2games.com
TATA Steel,https://www.tatasteel.com
TATA Steel GDR,https://www.tatasteel.com
TDK,https://www.tdk.com
TE Connectivity,http://www.te.com/
TECK Resources Subordinate Voting,https://www.teck.com
TEKEVER,http://www.tekever.com
THE SAGE,https://www.sage.com
TKO Class A,https://www.tkogroup.com
TMC THE Metals,https://www.metals.co
TR Anadolu Metal Madencilik Isletm,https://tranadolumetal.com
TSMC Arizona,https://www.tsmc.com/static/abouttsmcaz/index.htm
TUNG HO Steel Enterprise,https://www.tunghosteel.com
Tactical Missiles Corp (KTRV),http://www.ktrv.ru
Taiwan Semiconductor Manufacturing,https://www.tsmc.com/
Talgen Cybersecurity Ou,https://nortal.com/industries/aerospace-and-defence
Taseko Mines,http://www.tasekomines.com/
Tdw Gesellschaft Fur Verteidigungstechnische Wirksysteme Mit Beschrankte Rhaftung,https://www.tdw-warhead-systems.de/de
Tech,https://www.bv-tech.it
Technology For Propulsion And Innovation,https://www.t4innovation.com
Tecnobit Sl,https://www.tecnobit.es
Tekever Uas,https://www.tekever.com
Tele2 B,https://www.tele2.com
Telecom Italia,https://www.gruppotim.it/
Telecom Italia S.p.a,https://www.gruppotim.it/
Teledyne Adimec Advanced Image Systems,https://www.adimec.com
Teledyne Technologies,http://www.teledyne.com/
Telefonica Brasil ADS Representing,https://www.telefonica.com.br
Telefonica Ingenieria De Seguridad,https://WWW.TELEFONICA.COM
Telefonica Moviles Espana,https://www.telefonica.com/
Telefonica SA,https://www.telefonica.com/
Telelink Business Services Ead,https://www.tbs.tech
Telenor,https://www.telenor.com
Teleplan Globe As,http://www.teleplanglobe.com/
Telespazio,https://www.telespazio.com
Telespazio France,https://www.telespazio.com/fr
Telespazio Germany,https://www.telespazio.de
Teletel Technologia Aerodiastimikis Kai Aminas,https://www.teletel.eu
Telia,https://www.telia.com
Telstra,https://www.telstra.com.au
Telus,https://www.telus.com
Temenos,https://www.temenos.com
Tencent,https://www.tencent.com
Teradyne,https://www.teradyne.com/
Terma As,http://www.terma.com
Terra Spatium Ae Proionton Kai Ypiresion Geopliroforikis Kai Diastimatos,https://www.terraspatium.gr
Tesla,https://www.tesla.com
